-- Auto-generated by scripts/generate-seed.ts — do not edit manually.
-- Run `npx tsx scripts/generate-seed.ts` to regenerate after editing fixtures.
insert into events (id, title, description, event_type, date_start, date_end, location, expected_attendees, event_day_info, modules, created_at, updated_at) values
  ('00000001-0000-0001-0000-000000000001', 'Q3 Sales Kickoff', 'Quarterly gathering for the entire sales team. Includes product updates, pipeline review, goal-setting sessions, and team-building activities.', 'bdr_call', '2026-04-14T09:00:00Z', '2026-04-15T18:00:00Z', 'Buenos Aires, Argentina', 8, null, '{"participantList":true,"checklist":true,"budget":true,"notifications":true,"contacts":true}', '2026-03-01T12:00:00Z', '2026-03-10T09:30:00Z'),
  ('00000001-0000-0001-0000-000000000002', 'Engineering Hackathon 2026', '48-hour hackathon for the engineering org. Teams of 4 build a working prototype around the theme of AI-assisted internal workflows.', 'hackathon', '2026-05-02T08:00:00Z', '2026-05-04T20:00:00Z', 'Montevideo, Uruguay', 12, null, '{"participantList":true,"checklist":true,"budget":true,"notifications":true,"contacts":true}', '2026-03-05T10:00:00Z', '2026-03-12T14:00:00Z');

insert into participants (id, event_id, email, full_name, google_uid, location_city, location_region, location_country, rsvp_status, created_at, updated_at) values
  ('00000002-0000-0001-0000-000000000001', '00000001-0000-0001-0000-000000000001', 'ana.garcia@company.com', 'Ana Garcia', 'google-uid-001', 'Buenos Aires', 'Buenos Aires', 'Argentina', 'confirmed', '2026-03-05T10:00:00Z', '2026-03-06T09:00:00Z'),
  ('00000002-0000-0001-0000-000000000002', '00000001-0000-0001-0000-000000000001', 'carlos.mendez@company.com', 'Carlos Mendez', null, 'Bogota', 'Cundinamarca', 'Colombia', 'pending', '2026-03-06T11:00:00Z', '2026-03-06T11:00:00Z'),
  ('00000002-0000-0001-0000-000000000003', '00000001-0000-0001-0000-000000000001', 'laura.silva@company.com', 'Laura Silva', 'google-uid-003', 'Sao Paulo', 'Sao Paulo', 'Brazil', 'confirmed', '2026-03-07T08:30:00Z', '2026-03-08T14:00:00Z'),
  ('00000002-0000-0001-0000-000000000004', '00000001-0000-0001-0000-000000000001', 'mario.rodriguez@company.com', 'Mario Rodriguez', null, 'Mexico City', 'CDMX', 'Mexico', 'declined', '2026-03-08T09:00:00Z', '2026-03-09T10:00:00Z'),
  ('00000002-0000-0001-0000-000000000005', '00000001-0000-0001-0000-000000000001', 'sofia.lima@company.com', 'Sofia Lima', 'google-uid-005', 'Santiago', 'Metropolitana', 'Chile', 'confirmed', '2026-03-09T14:00:00Z', '2026-03-10T08:00:00Z'),
  ('00000002-0000-0001-0000-000000000006', '00000001-0000-0001-0000-000000000001', 'enrique.mejia@humand.co', 'Enrique Mejia', 'google-uid-101', 'Buenos Aires', 'Buenos Aires', 'Argentina', 'confirmed', '2026-03-10T09:00:00Z', '2026-03-10T09:00:00Z'),
  ('00000002-0000-0001-0000-000000000007', '00000001-0000-0001-0000-000000000001', 'alex.barbosa@humand.co', 'Alex Barbosa', 'google-uid-102', 'Sao Paulo', 'Sao Paulo', 'Brazil', 'confirmed', '2026-03-10T09:30:00Z', '2026-03-10T09:30:00Z'),
  ('00000002-0000-0001-0000-000000000008', '00000001-0000-0001-0000-000000000001', 'gabriel.gouveia@humand.co', 'Gabriel Gouveia', 'google-uid-103', 'Rio de Janeiro', 'Rio de Janeiro', 'Brazil', 'confirmed', '2026-03-10T10:00:00Z', '2026-03-10T10:00:00Z'),
  ('00000002-0000-0001-0000-000000000009', '00000001-0000-0001-0000-000000000001', 'marcos.cestaro@humand.co', 'Marcos Cestaro', 'google-uid-104', 'Sao Paulo', 'Sao Paulo', 'Brazil', 'pending', '2026-03-10T10:30:00Z', '2026-03-10T10:30:00Z'),
  ('00000002-0000-0002-0000-000000000001', '00000001-0000-0001-0000-000000000002', 'pedro.alves@company.com', 'Pedro Alves', 'google-uid-011', 'Montevideo', 'Montevideo', 'Uruguay', 'confirmed', '2026-03-10T10:00:00Z', '2026-03-11T09:00:00Z'),
  ('00000002-0000-0002-0000-000000000002', '00000001-0000-0001-0000-000000000002', 'julia.santos@company.com', 'Julia Santos', 'google-uid-012', 'Porto Alegre', 'Rio Grande do Sul', 'Brazil', 'confirmed', '2026-03-10T11:00:00Z', '2026-03-11T10:00:00Z'),
  ('00000002-0000-0002-0000-000000000003', '00000001-0000-0001-0000-000000000002', 'tomas.herrera@company.com', 'Tomas Herrera', null, 'Cordoba', 'Cordoba', 'Argentina', 'pending', '2026-03-11T08:00:00Z', '2026-03-11T08:00:00Z'),
  ('00000002-0000-0002-0000-000000000004', '00000001-0000-0001-0000-000000000002', 'valentina.mora@company.com', 'Valentina Mora', 'google-uid-014', 'Bogota', 'Cundinamarca', 'Colombia', 'pending', '2026-03-11T09:30:00Z', '2026-03-11T09:30:00Z'),
  ('00000002-0000-0002-0000-000000000005', '00000001-0000-0001-0000-000000000002', 'enrique.mejia@humand.co', 'Enrique Mejia', 'google-uid-101', 'Buenos Aires', 'Buenos Aires', 'Argentina', 'confirmed', '2026-03-11T10:00:00Z', '2026-03-11T10:00:00Z'),
  ('00000002-0000-0002-0000-000000000006', '00000001-0000-0001-0000-000000000002', 'alex.barbosa@humand.co', 'Alex Barbosa', 'google-uid-102', 'Sao Paulo', 'Sao Paulo', 'Brazil', 'confirmed', '2026-03-11T10:30:00Z', '2026-03-11T10:30:00Z'),
  ('00000002-0000-0002-0000-000000000007', '00000001-0000-0001-0000-000000000002', 'gabriel.gouveia@humand.co', 'Gabriel Gouveia', 'google-uid-103', 'Rio de Janeiro', 'Rio de Janeiro', 'Brazil', 'pending', '2026-03-11T11:00:00Z', '2026-03-11T11:00:00Z'),
  ('00000002-0000-0002-0000-000000000008', '00000001-0000-0001-0000-000000000002', 'marcos.cestaro@humand.co', 'Marcos Cestaro', 'google-uid-104', 'Sao Paulo', 'Sao Paulo', 'Brazil', 'pending', '2026-03-11T11:30:00Z', '2026-03-11T11:30:00Z');

insert into preference_fields (id, event_id, label, field_type, options, required, sort_order) values
  ('00000003-0000-0001-0000-000000000001', '00000001-0000-0001-0000-000000000001', 'Dietary restrictions', 'text', null, false, 0),
  ('00000003-0000-0001-0000-000000000002', '00000001-0000-0001-0000-000000000001', 'T-shirt size', 'select', '["XS","S","M","L","XL","XXL"]', false, 1),
  ('00000003-0000-0002-0000-000000000001', '00000001-0000-0001-0000-000000000002', 'T-shirt size', 'select', '["XS","S","M","L","XL","XXL"]', false, 0),
  ('00000003-0000-0002-0000-000000000002', '00000001-0000-0001-0000-000000000002', 'GitHub username', 'text', null, true, 1);

insert into participant_preferences (id, participant_id, field_id, value) values
  ('00000004-0000-0001-0000-000000000001', '00000002-0000-0001-0000-000000000001', '00000003-0000-0001-0000-000000000001', 'Vegetarian'),
  ('00000004-0000-0001-0000-000000000002', '00000002-0000-0001-0000-000000000001', '00000003-0000-0001-0000-000000000002', 'M'),
  ('00000004-0000-0002-0000-000000000001', '00000002-0000-0002-0000-000000000001', '00000003-0000-0002-0000-000000000001', 'L'),
  ('00000004-0000-0002-0000-000000000002', '00000002-0000-0002-0000-000000000001', '00000003-0000-0002-0000-000000000002', 'pedroalves-dev');

insert into checklist_items (id, event_id, label, item_type, required, alert_if_incomplete, sort_order) values
  ('00000005-0000-0001-0000-000000000001', '00000001-0000-0001-0000-000000000001', 'Confirm RSVP', 'checkbox', true, true, 0),
  ('00000005-0000-0001-0000-000000000002', '00000001-0000-0001-0000-000000000001', 'Upload national ID or passport', 'document_upload', true, true, 1),
  ('00000005-0000-0001-0000-000000000003', '00000001-0000-0001-0000-000000000001', 'Submit dietary restrictions', 'info_input', false, false, 2),
  ('00000005-0000-0002-0000-000000000001', '00000001-0000-0001-0000-000000000002', 'Sign code of conduct', 'checkbox', true, true, 0),
  ('00000005-0000-0002-0000-000000000002', '00000001-0000-0001-0000-000000000002', 'Submit GitHub username', 'info_input', true, true, 1),
  ('00000005-0000-0002-0000-000000000003', '00000001-0000-0001-0000-000000000002', 'Upload employee ID', 'document_upload', false, false, 2);

insert into participant_checklist_items (id, participant_id, checklist_item_id, completed, completed_at, document_url, value) values
  ('00000006-0000-0001-0000-000000000001', '00000002-0000-0001-0000-000000000001', '00000005-0000-0001-0000-000000000001', true, '2026-03-08T10:00:00Z', null, null),
  ('00000006-0000-0001-0000-000000000002', '00000002-0000-0001-0000-000000000001', '00000005-0000-0001-0000-000000000002', true, '2026-03-08T10:05:00Z', 'https://storage.example.com/docs/ana-passport.pdf', null),
  ('00000006-0000-0001-0000-000000000003', '00000002-0000-0001-0000-000000000001', '00000005-0000-0001-0000-000000000003', true, '2026-03-08T10:10:00Z', null, 'Vegetarian'),
  ('00000006-0000-0001-0000-000000000004', '00000002-0000-0001-0000-000000000002', '00000005-0000-0001-0000-000000000001', false, null, null, null),
  ('00000006-0000-0001-0000-000000000005', '00000002-0000-0001-0000-000000000003', '00000005-0000-0001-0000-000000000001', true, '2026-03-09T11:00:00Z', null, null),
  ('00000006-0000-0001-0000-000000000006', '00000002-0000-0001-0000-000000000003', '00000005-0000-0001-0000-000000000002', false, null, null, null),
  ('00000006-0000-0001-0000-000000000007', '00000002-0000-0001-0000-000000000005', '00000005-0000-0001-0000-000000000001', true, '2026-03-10T09:00:00Z', null, null),
  ('00000006-0000-0001-0000-000000000008', '00000002-0000-0001-0000-000000000005', '00000005-0000-0001-0000-000000000002', true, '2026-03-10T09:05:00Z', 'https://storage.example.com/docs/sofia-passport.pdf', null),
  ('00000006-0000-0002-0000-000000000001', '00000002-0000-0002-0000-000000000001', '00000005-0000-0002-0000-000000000001', true, '2026-03-11T10:00:00Z', null, null),
  ('00000006-0000-0002-0000-000000000002', '00000002-0000-0002-0000-000000000001', '00000005-0000-0002-0000-000000000002', true, '2026-03-11T10:05:00Z', null, 'pedroalves-dev'),
  ('00000006-0000-0002-0000-000000000003', '00000002-0000-0002-0000-000000000002', '00000005-0000-0002-0000-000000000001', true, '2026-03-11T11:00:00Z', null, null),
  ('00000006-0000-0002-0000-000000000004', '00000002-0000-0002-0000-000000000002', '00000005-0000-0002-0000-000000000002', false, null, null, null);

insert into contacts (id, event_id, name, role, email, phone) values
  ('00000007-0000-0001-0000-000000000001', '00000001-0000-0001-0000-000000000001', 'Maria Torres', 'HR Lead', 'maria.torres@company.com', '+54 11 9999 0001'),
  ('00000007-0000-0001-0000-000000000002', '00000001-0000-0001-0000-000000000001', 'Diego Vargas', 'Event Coordinator', 'diego.vargas@company.com', null),
  ('00000007-0000-0002-0000-000000000001', '00000001-0000-0001-0000-000000000002', 'Lucas Fernandez', 'Engineering Lead', 'lucas.fernandez@company.com', '+598 99 123 4567'),
  ('00000007-0000-0002-0000-000000000002', '00000001-0000-0001-0000-000000000002', 'Clara Medina', 'Event Coordinator', 'clara.medina@company.com', null);

insert into budget_config (id, event_id, currency, categories, updated_at) values
  ('00000008-0000-0001-0000-000000000001', '00000001-0000-0001-0000-000000000001', 'USD', '[{"key":"flights","label":"Flights","enabled":true,"ai_estimate":420,"cap":500,"is_custom":false},{"key":"accommodation","label":"Accommodation","enabled":true,"ai_estimate":180,"cap":200,"is_custom":false},{"key":"food","label":"Food & Beverages","enabled":true,"ai_estimate":90,"cap":100,"is_custom":false},{"key":"comms","label":"Communications & Equipment","enabled":false,"ai_estimate":null,"cap":null,"is_custom":false},{"key":"misc","label":"Miscellaneous","enabled":true,"ai_estimate":40,"cap":50,"is_custom":false}]', '2026-03-10T09:30:00Z'),
  ('00000008-0000-0002-0000-000000000001', '00000001-0000-0001-0000-000000000002', 'USD', '[{"key":"flights","label":"Flights","enabled":true,"ai_estimate":380,"cap":400,"is_custom":false},{"key":"accommodation","label":"Accommodation","enabled":true,"ai_estimate":210,"cap":250,"is_custom":false},{"key":"food","label":"Food & Beverages","enabled":true,"ai_estimate":120,"cap":150,"is_custom":false},{"key":"comms","label":"Communications & Equipment","enabled":true,"ai_estimate":60,"cap":80,"is_custom":false},{"key":"misc","label":"Miscellaneous","enabled":false,"ai_estimate":null,"cap":null,"is_custom":false}]', '2026-03-12T14:00:00Z');

insert into triggers (id, event_id, source, checklist_item_id, milestone_type, timing_type, timing_value, channel, recipient, active) values
  ('00000009-0000-0001-0000-000000000001', '00000001-0000-0001-0000-000000000001', 'checklist_item', '00000005-0000-0001-0000-000000000001', null, 'days_before', 3, 'email', 'attendee', true),
  ('00000009-0000-0001-0000-000000000002', '00000001-0000-0001-0000-000000000001', 'checklist_item', '00000005-0000-0001-0000-000000000002', null, 'days_before', 5, 'whatsapp', 'attendee', true),
  ('00000009-0000-0001-0000-000000000003', '00000001-0000-0001-0000-000000000001', 'milestone', null, 'rsvp_50', 'immediately', null, 'slack', 'hr_admin', true),
  ('00000009-0000-0001-0000-000000000004', '00000001-0000-0001-0000-000000000001', 'milestone', null, 'event_ended', 'immediately', null, 'email', 'both', true),
  ('00000009-0000-0002-0000-000000000001', '00000001-0000-0001-0000-000000000002', 'checklist_item', '00000005-0000-0002-0000-000000000001', null, 'days_before', 3, 'email', 'attendee', true),
  ('00000009-0000-0002-0000-000000000002', '00000001-0000-0001-0000-000000000002', 'checklist_item', '00000005-0000-0002-0000-000000000002', null, 'days_before', 3, 'email', 'attendee', true),
  ('00000009-0000-0002-0000-000000000003', '00000001-0000-0001-0000-000000000002', 'milestone', null, 'rsvp_50', 'immediately', null, 'slack', 'hr_admin', true),
  ('00000009-0000-0002-0000-000000000004', '00000001-0000-0001-0000-000000000002', 'milestone', null, 'event_ended', 'immediately', null, 'email', 'both', true);

insert into trigger_log (id, trigger_id, fired_at, recipient_participant_id, status, error) values
  ('0000000a-0000-0001-0000-000000000001', '00000009-0000-0001-0000-000000000003', '2026-03-09T15:30:00Z', null, 'sent', null),
  ('0000000a-0000-0001-0000-000000000002', '00000009-0000-0001-0000-000000000002', '2026-03-11T09:15:00Z', null, 'sent', null),
  ('0000000a-0000-0001-0000-000000000003', '00000009-0000-0001-0000-000000000001', '2026-03-12T08:00:00Z', null, 'failed', 'WhatsApp delivery timeout'),
  ('0000000a-0000-0001-0000-000000000004', '00000009-0000-0001-0000-000000000004', '2026-04-15T20:05:00Z', null, 'sent', null);
