-- Auto-generated by scripts/generate-seed.ts — do not edit manually.
-- Run `npx tsx scripts/generate-seed.ts` to regenerate after editing fixtures.
insert into events (id, title, description, event_type, date_start, date_end, location, modules, created_at, updated_at) values
  ('a1b2c3d4-0001-0000-0000-000000000001', 'Q2 Sales Kickoff', 'Quarterly gathering for the entire sales team. Includes product updates, pipeline review, and team-building activities.', 'bdr_call', '2026-04-14T09:00:00Z', '2026-04-15T18:00:00Z', 'Buenos Aires, Argentina', '{"participantList":true,"checklist":true,"budget":true,"notifications":true,"contacts":true}', '2026-03-01T12:00:00Z', '2026-03-10T09:30:00Z'),
  ('a1b2c3d4-0001-0000-0000-000000000002', 'Engineering Hackathon 2026', '48-hour hackathon for the engineering org. Teams of 4 build a working prototype around the theme of AI-assisted workflows.', 'hackathon', '2026-05-02T08:00:00Z', '2026-05-04T20:00:00Z', 'Montevideo, Uruguay', '{"participantList":true,"checklist":true,"budget":false,"notifications":true,"contacts":false}', '2026-03-05T10:00:00Z', '2026-03-05T10:00:00Z');

insert into participants (id, event_id, email, full_name, google_uid, location_city, location_region, location_country, rsvp_status, created_at, updated_at) values
  ('b2c3d4e5-0002-0000-0000-000000000001', 'a1b2c3d4-0001-0000-0000-000000000001', 'ana.garcia@company.com', 'Ana Garcia', 'google-uid-001', 'Buenos Aires', 'Buenos Aires', 'Argentina', 'confirmed', '2026-03-05T10:00:00Z', '2026-03-06T09:00:00Z'),
  ('b2c3d4e5-0002-0000-0000-000000000002', 'a1b2c3d4-0001-0000-0000-000000000001', 'carlos.mendez@company.com', 'Carlos Mendez', null, 'Bogota', 'Cundinamarca', 'Colombia', 'pending', '2026-03-06T11:00:00Z', '2026-03-06T11:00:00Z'),
  ('b2c3d4e5-0002-0000-0000-000000000003', 'a1b2c3d4-0001-0000-0000-000000000001', 'laura.silva@company.com', 'Laura Silva', 'google-uid-003', 'Sao Paulo', 'Sao Paulo', 'Brazil', 'confirmed', '2026-03-07T08:30:00Z', '2026-03-08T14:00:00Z');

insert into preference_fields (id, event_id, label, field_type, options, required, sort_order) values
  ('c3d4e5f6-0003-0000-0000-000000000001', 'a1b2c3d4-0001-0000-0000-000000000001', 'Dietary restrictions', 'text', null, false, 0),
  ('c3d4e5f6-0003-0000-0000-000000000002', 'a1b2c3d4-0001-0000-0000-000000000001', 'T-shirt size', 'select', '["XS","S","M","L","XL","XXL"]', false, 1);

insert into participant_preferences (id, participant_id, field_id, value) values
  ('d4e5f6a7-0004-0000-0000-000000000001', 'b2c3d4e5-0002-0000-0000-000000000001', 'c3d4e5f6-0003-0000-0000-000000000001', 'Vegetarian'),
  ('d4e5f6a7-0004-0000-0000-000000000002', 'b2c3d4e5-0002-0000-0000-000000000001', 'c3d4e5f6-0003-0000-0000-000000000002', 'M');

insert into checklist_items (id, event_id, label, item_type, required, alert_if_incomplete, sort_order) values
  ('e5f6a7b8-0005-0000-0000-000000000001', 'a1b2c3d4-0001-0000-0000-000000000001', 'Confirm RSVP', 'checkbox', true, true, 0),
  ('e5f6a7b8-0005-0000-0000-000000000002', 'a1b2c3d4-0001-0000-0000-000000000001', 'Upload national ID or passport', 'document_upload', true, true, 1),
  ('e5f6a7b8-0005-0000-0000-000000000003', 'a1b2c3d4-0001-0000-0000-000000000001', 'Submit dietary restrictions', 'info_input', false, false, 2);

insert into participant_checklist_items (id, participant_id, checklist_item_id, completed, completed_at, document_url, value) values
  ('f6a7b8c9-0006-0000-0000-000000000001', 'b2c3d4e5-0002-0000-0000-000000000001', 'e5f6a7b8-0005-0000-0000-000000000001', true, '2026-03-08T10:00:00Z', null, null),
  ('f6a7b8c9-0006-0000-0000-000000000002', 'b2c3d4e5-0002-0000-0000-000000000001', 'e5f6a7b8-0005-0000-0000-000000000002', true, '2026-03-08T10:05:00Z', 'https://storage.example.com/docs/ana-passport.pdf', null),
  ('f6a7b8c9-0006-0000-0000-000000000003', 'b2c3d4e5-0002-0000-0000-000000000002', 'e5f6a7b8-0005-0000-0000-000000000001', false, null, null, null);

insert into contacts (id, event_id, name, role, email, phone) values
  ('c9d0e1f2-0009-0000-0000-000000000001', 'a1b2c3d4-0001-0000-0000-000000000001', 'Maria Torres', 'HR Lead', 'maria.torres@company.com', '+54 11 9999 0001'),
  ('c9d0e1f2-0009-0000-0000-000000000002', 'a1b2c3d4-0001-0000-0000-000000000001', 'Diego Vargas', 'Event Coordinator', 'diego.vargas@company.com', null);

insert into triggers (id, event_id, source, checklist_item_id, milestone_type, timing_type, timing_value, channel, recipient, active) values
  ('a7b8c9d0-0007-0000-0000-000000000001', 'a1b2c3d4-0001-0000-0000-000000000001', 'checklist_item', 'e5f6a7b8-0005-0000-0000-000000000001', null, 'days_before', 3, 'email', 'attendee', true),
  ('a7b8c9d0-0007-0000-0000-000000000002', 'a1b2c3d4-0001-0000-0000-000000000001', 'checklist_item', 'e5f6a7b8-0005-0000-0000-000000000002', null, 'days_before', 5, 'whatsapp', 'attendee', true),
  ('a7b8c9d0-0007-0000-0000-000000000003', 'a1b2c3d4-0001-0000-0000-000000000001', 'milestone', null, 'rsvp_50', 'immediately', null, 'slack', 'hr_admin', true),
  ('a7b8c9d0-0007-0000-0000-000000000004', 'a1b2c3d4-0001-0000-0000-000000000001', 'milestone', null, 'event_ended', 'immediately', null, 'email', 'both', true);

insert into trigger_log (id, trigger_id, fired_at, recipient_participant_id, status, error) values
  ('b8c9d0e1-0008-0000-0000-000000000001', 'a7b8c9d0-0007-0000-0000-000000000003', '2026-03-09T15:30:00Z', null, 'sent', null);
